"","F1","SE_F1"
"1",0.393671187025971,0.469303252663089
"2",1.28828951794619,0.739422631915237
"3",-0.850568349395584,0.326472494953506
"4",-0.539663071681036,0.338510842510806
"5",-0.927898667081953,0.325929305754403
"6",-1.11783614554489,0.328767571874334
"7",2.17150287844467,1.20773482644037
"8",-1.01866380054479,0.326542788170321
"9",-1.3489297278524,0.340370779798154
"10",0.28610203343721,0.446926784811075
"11",-0.436614470587805,0.345978710715269
"12",1.5403656621677,0.848050192873154
"13",1.4500201333854,0.807156475158809
"14",-0.190300111339003,0.370831086909883
"15",0.532952867656455,0.501228390118666
"16",2.17150287844467,1.20773482644037
"17",-1.71603389956056,0.378399280866458
"18",-0.10812685876907,0.381314702599338
"19",1.08216081671835,0.662433224242521
"20",0.45972120662867,0.484021718314585
"21",-0.658459676933771,0.332049670650974
"22",0.920497716966043,0.608724015031005
"23",-1.1002747741836,0.328254645589173
"24",2.17150287844467,1.20773482644037
"25",0.883962450535583,0.597346175538316
"26",-1.93228479812261,0.413259932678995
"27",-1.30063821387578,0.337190299034439
"28",0.185655556152142,0.427784516694392
"29",0.025791010929829,0.40075055365008
"30",0.38851946727582,0.468186769747349
"31",-0.256886308917339,0.363140179349199
"32",-0.391590989816812,0.349784499877129
"33",-0.107308287412107,0.381424642417197
"34",-0.532832681763695,0.338952290635036
"35",-1.33326636942678,0.339294682875671
"36",-1.69560335136812,0.375607318887085
"37",-0.456420078161181,0.344409118645361
"38",-0.994950838131132,0.326251782671379
"39",0.336480778730535,0.45716272948616
"40",2.17150287844467,1.20773482644037
"41",2.51114777529518,1.47124263575284
"42",-0.979356452085573,0.326110849853061
"43",0.0998701095371784,0.412756951542713
"44",-1.12312449562856,0.328932099590856
"45",-0.600598270086834,0.334909217603318
"46",0.0411462819213964,0.403165644883217
"47",-1.00602078345113,0.326376089937061
"48",-0.992086336018626,0.32622289880191
"49",-0.145815460564968,0.376370300036919
"50",-1.00966587362375,0.326421456721425
"51",2.17150287844467,1.20773482644037
"52",0.263048370655339,0.442384859505327
"53",-0.206888520578034,0.368847750457089
"54",0.816888480069893,0.577158164609248
"55",0.381665008073987,0.466708336509603
"56",-0.954034624289474,0.325967195495055
"57",-0.27167838507918,0.361529404825675
"58",-0.379986540502668,0.350818880833747
"59",-0.6714654723714,0.331482063800576
"60",0.0554016570243383,0.405442179404729
"61",0.775547237233791,0.565157473100844
"62",-0.539456979205592,0.338524062625037
"63",-0.0331340396295299,0.391839286647249
"64",0.038522540030827,0.402750270760714
"65",0.950132686095814,0.618154335336364
"66",-0.0903828769340346,0.383722421439638
"67",1.28828951794619,0.739422631915237
"68",0.00243425159917502,0.397150668890982
"69",-1.85491079859387,0.399644708530627
"70",-0.866770376466104,0.326277669333714
"71",-0.859654575635918,0.326357956545981
"72",1.33238261819347,0.757220542990355
"73",-0.234327912520629,0.365665093574444
"74",-1.68651624674837,0.374392263308991
"75",-1.33434471729642,0.33936739326152
"76",0.596274929387688,0.516873524609723
"77",-0.0144286792704991,0.394606867529049
"78",-1.000511149662,0.326311699678409
"79",-0.835664916802331,0.326689592772621
"80",2.51114777529518,1.47124263575284
"81",0.821617967692524,0.578552345255787
"82",2.17150287844467,1.20773482644037
"83",0.749813587010295,0.557854545405102
"84",-1.19424437106763,0.331599895175052
"85",-1.33247834083668,0.33924168913788
"86",0.0410995317144344,0.403158235753464
"87",-1.35541707435116,0.340829051879608
"88",-1.07524067828367,0.327612199173947
"89",2.51114777529518,1.47124263575284
"90",-0.908708658884082,0.325972772883018
"91",-0.65526176594988,0.332193459508447
"92",0.423742084179894,0.47591090893575
"93",1.5403656621677,0.848050192873154
"94",0.49575429861736,0.492370475719649
"95",2.51114777529518,1.47124263575284
"96",0.905821850609663,0.604120883582836
"97",0.356367183737786,0.46132120770072
"98",-0.938792263927645,0.325931473777486
"99",-0.470659076457527,0.343320145877474
"100",-0.54406552105105,0.338230350317239
"101",0.536591424653811,0.502107999001057
"102",0.778068216201143,0.565879680548228
"103",2.17150287844467,1.20773482644037
"104",0.324648412144984,0.454720227705455
"105",-0.154180696852682,0.375304161121869
"106",2.51114777529518,1.47124263575284
"107",-0.551465558738961,0.33776599684039
"108",0.649083493550115,0.530475569798939
"109",-0.597628332653233,0.335070720620643
"110",0.311218111405781,0.451976448452843
"111",1.28828951794619,0.739422631915237
"112",-2.0067366262619,0.427619032816972
"113",-2.78503964213025,0.664234770159429
"114",-2.04988046617334,0.436522592226665
"115",0.322965136646083,0.454374665303196
"116",-0.395074813464469,0.349478223688918
"117",1.34008885219896,0.760381530169518
"118",0.540688282918547,0.50310121508402
"119",-0.399951320089007,0.349052859940921
"120",-0.832922790787744,0.326733488756113
"121",1.11554889571449,0.674235272559864
"122",-0.94474499715761,0.325940878270661
"123",-1.72303194766657,0.379374895943741
"124",0.218258555363641,0.433813922138773
"125",-0.272249460841279,0.361467943960555
"126",-1.3092357524526,0.337726887472641
"127",-0.0733999648150617,0.386074724930991
"128",-0.985356153811225,0.326160340311253
"129",-0.755154365827825,0.328489678648181
"130",-0.200789219463055,0.369571779825183
"131",1.33238261819347,0.757220542990355
"132",-1.92295730223141,0.4115488986289
"133",0.20605949017471,0.43153727650364
"134",0.201288542472638,0.430653609289817
"135",-0.256697534593489,0.363160954110864
"136",-1.07870781336304,0.327694951023155
"137",0.032400295929869,0.401785340493964
"138",1.24225472194755,0.721355207243317
"139",2.51114777529518,1.47124263575284
"140",2.17150287844467,1.20773482644037
"141",-1.25382315532604,0.334492140655259
"142",0.305453086701013,0.450808016763641
"143",0.408163386984383,0.472468310841383
"144",1.5403656621677,0.848050192873154
"145",0.489712312825005,0.490954713791481
"146",0.574128145616979,0.511319915168537
"147",0.959420028630546,0.621147495944198
"148",2.51114777529518,1.47124263575284
"149",-0.020709221829937,0.393671301565801
"150",-0.370531707926905,0.351677850183893
"151",-1.75540000373361,0.384016527207156
"152",-1.69189831542751,0.375109932397208
"153",1.41138217393166,0.7903523284908
"154",0.850946546946942,0.587296879010058
"155",1.08216081671835,0.662433224242521
"156",-1.09508719714909,0.328112965987369
"157",2.51114777529518,1.47124263575284
"158",-0.814974332934946,0.327051158580612
"159",-0.310824612269208,0.357438169902723
"160",2.17150287844467,1.20773482644037
"161",-0.407398147288147,0.348410731243328
"162",-0.349528657914871,0.353638042193259
"163",2.51114777529518,1.47124263575284
"164",0.515564174831663,0.497057331827772
"165",-0.110665386532969,0.380974436360821
"166",-0.775998595255905,0.327922130609968
"167",0.872761684756118,0.593912367114854
"168",-0.724117263213696,0.329466155089717
"169",0.0355444655998472,0.402280154894505
"170",-0.495051811828014,0.341531418058762
"171",-0.339881950479324,0.354562420613259
"172",2.51114777529518,1.47124263575284
"173",0.837947922540327,0.583400212794265
"174",-0.224139985528087,0.366832490601615
"175",-0.463993086072338,0.343825831474932
"176",0.180863867441253,0.426913139222645
"177",-1.42226478739431,0.345983981854163
"178",-0.100421437518836,0.382353984960231
"179",-1.67880093204803,0.373373538616791
"180",-0.356516524359367,0.352977912483512
"181",-1.11713780476747,0.328746177953704
"182",0.146090537824,0.42070328338939
"183",-0.424838810572578,0.346942222644864
"184",-1.13783915485779,0.329414468472014
"185",0.84278047728327,0.584844958835158
"186",-0.089014357219549,0.383910221458809
"187",0.193062752374648,0.429138888688893
"188",-0.232052871771984,0.365924323094592
"189",0.598540238143095,0.517446582615167
"190",0.591158041268715,0.515582537568462
"191",0.816888480069893,0.577158164609248
"192",-1.52432493774705,0.355405236929197
"193",-0.635646316851057,0.333111926658967
"194",-0.108910412898237,0.38120955659144
"195",-0.619385630900275,0.333920889521741
"196",1.41138217393166,0.7903523284908
"197",2.51114777529518,1.47124263575284
"198",2.51114777529518,1.47124263575284
"199",0.698291858870747,0.543612804609076
"200",-0.252040630181457,0.363675576252833
"201",-1.71105899565262,0.377711732465886
"202",-0.26485046217289,0.36226853606373
"203",-1.12354525499329,0.328945379587642
"204",0.269009845451433,0.443550856064503
"205",0.79971891256892,0.572133602635824
"206",-1.11805663804781,0.328774320078465
"207",-0.614130714996156,0.334191520431265
"208",-1.71997956985941,0.378948158686425
"209",-0.334987343920257,0.355037197627156
"210",0.329773295737373,0.455775215477542
"211",0.49182992716867,0.49145019338949
"212",1.28828951794619,0.739422631915237
"213",-0.192129941618503,0.370610124627031
"214",-0.757192784439704,0.32843105240839
"215",0.260790006745005,0.441944686910603
"216",-0.0045300345070599,0.396094511003232
"217",0.275895256299824,0.4449049310845
"218",-0.648083177352438,0.332522322817155
"219",-0.944262174126057,0.325939906414815
"220",0.23567773498798,0.437107579240961
"221",-0.30876492410019,0.357647198989883
"222",-0.0965739638761639,0.382876511397392
"223",-0.0274847645216272,0.392669161038648
"224",-0.245895084034144,0.364360089237063
"225",0.140553252336077,0.419732791958411
"226",0.357585292733006,0.461578122328416
"227",1.10937941461392,0.672035733117855
"228",0.105381468007939,0.41368608427343
"229",0.0776280886047823,0.409057871421831
"230",0.578377099050686,0.512378545067627
"231",-0.254470150515432,0.36340667619266
"232",-0.629347634937234,0.333420158092434
"233",-0.00843192649574681,0.395506207829513
"234",-1.351628159007,0.340560505409157
"235",0.240571864829479,0.438042047489837
"236",-0.493267393535339,0.341658963085313
"237",0.159934618396314,0.423151720983902
"238",-0.0543463174368605,0.388769669148519
"239",2.51114777529518,1.47124263575284
"240",-0.978586480843954,0.326104938877983
"241",2.51114777529518,1.47124263575284
"242",0.609882112199662,0.520329748535305
"243",-1.27592886185387,0.335719235001824
"244",-1.05420920632936,0.327152809372031
"245",2.51114777529518,1.47124263575284
"246",0.0655878627623631,0.407089203567722
"247",0.45353886999484,0.482612077135004
"248",-0.761795664744851,0.328301152362266
"249",0.728859851812147,0.552001765105065
"250",-0.970018892979662,0.32604560975727
"251",0.33309339216765,0.456461038484634
"252",0.384993157910927,0.467425203461069
"253",-0.773714968106716,0.327980838787726
"254",2.51114777529518,1.47124263575284
"255",1.34831396827848,0.763772035618274
"256",-1.09496593510164,0.328109699998954
"257",0.816888480069893,0.577158164609248
"258",0.524464977799788,0.499185714652742
"259",-0.575610198289698,0.336312943599182
"260",1.28828951794619,0.739422631915237
"261",-0.0668533120583326,0.386994003995793
"262",0.232051714747691,0.436417792131798
"263",1.41138217393166,0.7903523284908
"264",-0.305354961430493,0.357994858206999
"265",-1.09626642305098,0.328144774472826
"266",0.026379506031521,0.400842387732481
"267",-1.41152760202373,0.345102449296971
"268",0.544279423140299,0.503974240950192
"269",-0.260255038793,0.362770217467015
"270",-0.183180298570005,0.371696051893762
"271",2.17150287844467,1.20773482644037
"272",0.821289609509398,0.578455404682765
"273",-1.72303194766657,0.379374895943741
"274",1.02671772458295,0.643380516899241
"275",-1.97412500262682,0.421174617790984
"276",0.125306688800081,0.417086675530849
"277",-0.398767538488856,0.34915577083134
"278",-0.0453771330929012,0.390058664483357
"279",-0.767977879032301,0.3281321403416
"280",2.51114777529518,1.47124263575284
"281",0.182799525533514,0.4272646580182
"282",0.46788710167004,0.485893901846178
"283",-0.650854282540603,0.332394355918593
"284",-0.0839738656154657,0.384604620660568
"285",-0.405071543549099,0.348610383947752
"286",-0.195171137126029,0.37024406758418
"287",-0.772059065510417,0.328023956430015
"288",0.889029496882291,0.598907923151746
"289",-0.903596972271207,0.325994537586099
"290",-0.358226881832368,0.35281753602946
"291",-0.949419120191146,0.325952350517202
"292",0.456475989268428,0.483280975392444
"293",2.51114777529518,1.47124263575284
"294",-2.02565839082858,0.43147047648933
"295",-1.03648072742184,0.326822487223667
"296",-0.836926847476749,0.326669812531637
"297",-0.45145583846148,0.344796537779094
"298",-0.34376624669184,0.354188391189976
"299",-0.14831303848336,0.376050796127305
"300",2.51114777529518,1.47124263575284
"301",-0.186577753993832,0.371282277407694
"302",-0.792967579838469,0.327512437989083
"303",-1.30671968988877,0.337568522137037
"304",0.316600408900036,0.453072394084865
"305",0.422345027471717,0.475600476444021
"306",2.51114777529518,1.47124263575284
"307",0.417220454584265,0.474464684747308
"308",-0.687394701623254,0.330824468072956
"309",-1.61077306789699,0.364896614287971
"310",-0.200330580030685,0.369626483596781
"311",1.40009152370063,0.785517255082044
"312",0.289760052801814,0.447655689811368
"313",0.285512858805857,0.446809614975955
"314",-1.08932686846737,0.327960882615488
"315",-0.255799626732477,0.363259929876608
"316",0.0443364130300233,0.403672242982993
"317",-0.29723108314277,0.358830617788706
"318",-0.893713380381477,0.326048743687522
"319",-0.0804057442602421,0.385098686979438
"320",0.872761684756118,0.593912367114854
"321",-0.535754068109437,0.338762566087856
"322",0.554982267260107,0.506589887931267
"323",-1.88471476962844,0.404734451280647
"324",0.644879157789043,0.529373975964771
"325",0.620729906064576,0.523109165376381
"326",0.574665461140284,0.511453591813045
"327",-0.455569903955915,0.344475186782629
"328",-1.2945077804609,0.33681550619221
"329",-0.995696209219673,0.326259496819821
"330",-0.773714968106716,0.327980838787726
"331",-1.58439006511155,0.361849913133789
"332",0.224202623060837,0.434932177034384
"333",1.41138217393166,0.7903523284908
"334",1.29719892228971,0.742979628100787
"335",-0.885201242223584,0.326108240852575
"336",-0.0870898503384591,0.384174852240777
"337",-0.553365485228085,0.337648210306778
"338",0.346900991715724,0.459333328395877
"339",-0.942063449345155,0.325935920666587
"340",-0.433818535897049,0.346205451110517
"341",0.381665008073987,0.466708336509603
"342",0.950132686095814,0.618154335336364
"343",0.888323386691236,0.598689994902561
"344",0.175851340249413,0.426005694147697
"345",-1.06873922789876,0.327462367007856
"346",0.0652629780097711,0.407036403694423
"347",0.245623523560525,0.439010784430695
"348",-1.03491980076769,0.326795881719984
"349",0.121915146082625,0.416503225471543
"350",-0.791223637701333,0.327552387085762
"351",-1.12367881211157,0.328949619030269
"352",0.0923229687270512,0.41149268919101
"353",-0.207463385757023,0.368779804599762
"354",0.14754916101756,0.420959749132198
"355",2.17150287844467,1.20773482644037
"356",0.591158041268715,0.515582537568462
"357",1.09376513884628,0.666506868367365
"358",0.225977736822662,0.435267280881504
"359",-1.10282685645466,0.328325999056362
"360",2.17150287844467,1.20773482644037
"361",-0.524222779788361,0.33951957619273
"362",0.889029496882291,0.598907923151746
"363",0.652271726390218,0.531313190208018
"364",0.133893203377683,0.418572225641294
"365",-0.718226967763233,0.329669227693991
"366",-1.47170370503875,0.350310576895092
"367",0.472189760204319,0.486885024154493
"368",0.227651863149504,0.435583766057137
"369",-0.47515893814976,0.342982899708133
"370",-0.465747598956259,0.343692030142915
"371",-1.0284947619731,0.326690636382298
"372",-2.21503791406167,0.474744412750567
"373",-0.554220946308143,0.337595355396003
"374",0.60262671977394,0.518482714969532
"375",-0.230332060126142,0.366120971940382
"376",-1.27749309880838,0.335809247033543
"377",-0.100199354634195,0.382384059977919
"378",-1.25360651715559,0.334480530609152
"379",-0.0991574333512527,0.382525383896284
"380",-0.184287874923037,0.371560949990007
"381",-0.060066676965567,0.387954369402318
"382",-0.939331220506598,0.325932088827373
"383",-1.29088333176946,0.336596963059963
"384",2.51114777529518,1.47124263575284
"385",2.51114777529518,1.47124263575284
"386",-1.08094329192378,0.327749381404477
"387",0.860935082029851,0.590314104440048
"388",-1.98774472562315,0.423836378528425
"389",-0.441435127143265,0.345590805767784
"390",-1.08445800287183,0.327836627853322
"391",0.105828759958029,0.413761730866655
"392",-0.618430516741031,0.333969747578445
"393",0.355652362308571,0.461170584545884
"394",2.51114777529518,1.47124263575284
"395",1.14565291025937,0.68509263462421
"396",-0.0453865150054956,0.390057309852806
"397",-0.288970431588366,0.359691467981168
"398",2.51114777529518,1.47124263575284
"399",-0.653482179461382,0.332274199884645
"400",-1.86452362284234,0.401265368299739
"401",-1.8884173140694,0.405380168830868
"402",-0.241342595467955,0.364871113613264
"403",1.4101529336205,0.789824233382509
"404",-0.525675909422992,0.339422998679203
"405",0.434513690072573,0.478315670036073
"406",-0.311773908587811,0.357342039817606
"407",0.430256956099603,0.47736296566826
"408",-1.58660340343288,0.362100382130068
"409",-0.423380465833763,0.347063118031625
"410",-0.664052878508939,0.331802184954894
"411",-0.299769987065167,0.358568260867817
"412",-1.87694942474007,0.403389817103428
"413",-0.6304935159013,0.33336360397115
"414",0.420295519624286,0.475145746724068
"415",0.117407887572773,0.415730825231826
"416",-1.81113183409019,0.392513231117915
"417",-0.512970139295456,0.340279220327176
"418",-0.118273844676545,0.379960826297178
"419",-1.09645302453485,0.32814983041703
"420",0.548415709933787,0.504982666940326
"421",0.540168369439382,0.502974991028972
"422",2.51114777529518,1.47124263575284
"423",0.526218261706016,0.49960657587878
"424",1.40009152370063,0.785517255082044
"425",-1.37944294890389,0.342590676523717
"426",1.33238261819347,0.757220542990355
"427",2.51114777529518,1.47124263575284
"428",-1.14446508206055,0.329643502145922
"429",0.659795490593043,0.533297109491726
"430",2.17150287844467,1.20773482644037
"431",2.17150287844467,1.20773482644037
"432",-1.16576241566778,0.330429516816112
"433",-0.650758627316713,0.332398759474738
"434",0.702736369171427,0.544821624573509
"435",0.860143497508553,0.59007421332702
"436",-0.456459159861822,0.344406078023536
"437",-0.873461357645015,0.326209739232598
"438",-0.923238177017369,0.325934321487723
"439",1.28828951794619,0.739422631915237
"440",1.34008885219896,0.760381530169518
"441",-0.559938805049323,0.337245236159124
"442",0.816888480069893,0.577158164609248
"443",0.00170760260373005,0.397040096988522
"444",-1.456578971429,0.348940024503556
"445",-0.252097550540582,0.363669270779602
"446",0.384901734673104,0.467405521476054
"447",-1.16449278038609,0.330380546374054
"448",-0.0147004500497779,0.394566280870163
"449",-1.37757686505352,0.342450214281351
"450",2.17150287844467,1.20773482644037
"451",0.878499195767923,0.595668129844853
"452",-1.3601725893747,0.34116969136231
"453",0.0873310319533507,0.41066161429227
"454",-0.400056125590758,0.34904375338763
"455",-1.08076469717782,0.327745003712574
"456",2.17150287844467,1.20773482644037
"457",1.11554889571449,0.674235272559864
"458",-0.201639574075814,0.369470490210107
"459",-1.30207784502539,0.337279254095706
"460",-1.52757524435091,0.355736672267001
"461",0.905825008016398,0.604121764804626
"462",0.841771825024163,0.58454303249385
"463",-1.40376681769428,0.34447812394615
"464",-1.56127021330636,0.359288914146973
"465",-0.170599143250233,0.373244630893652
"466",2.51114777529518,1.47124263575284
"467",-0.747255607507976,0.328723286445496
"468",-0.315362635748773,0.356980013208047
"469",0.246444003681713,0.439168495337568
"470",0.360183749502763,0.462126942159309
"471",1.41138217393166,0.7903523284908
"472",0.499721911124665,0.493303618617465
"473",-0.772874391150326,0.328002669729076
"474",0.698702826475871,0.543724373481915
"475",0.544279423140299,0.503974240950192
"476",-0.416748341341347,0.347617297959356
"477",-0.89859634756397,0.326019956794787
"478",-0.40369042524765,0.348729306846997
"479",0.540688282918547,0.50310121508402
"480",1.11554889571449,0.674235272559864
"481",-0.490508282421379,0.341857232083064
"482",-0.581811948025308,0.33595506113854
"483",-1.59608270118278,0.363183766217383
"484",-0.357103395545514,0.352922829908958
"485",-0.737100053484412,0.329038580793653
"486",-1.02949365104359,0.326706561186596
"487",2.17150287844467,1.20773482644037
"488",-1.33597767138382,0.33947788087105
"489",-0.338294459135957,0.354715972569016
"490",-0.884647244651815,0.326112522480174
"491",0.821617967692524,0.578552345255787
"492",0.180863867441253,0.426913139222645
"493",-1.10353907672215,0.328346109992742
"494",-0.518899654843176,0.339876363562895
"495",-1.00735631294322,0.326392453648127
"496",0.0244736360063987,0.40054513851793
"497",2.51114777529518,1.47124263575284
"498",0.210296363459496,0.432325187902196
"499",0.411768212379981,0.47326121863894
"500",-1.74974099367578,0.383189607176962
"501",0.269009845451433,0.443550856064503
"502",-1.11856844984045,0.328790062242771
"503",-0.537861147532445,0.338626575365344
"504",2.17150287844467,1.20773482644037
"505",-0.0806572957646741,0.385063762956292
"506",-0.0508001996778332,0.389277735004619
"507",-0.502427518591341,0.341009630177673
"508",-0.0586568612083886,0.388154796825119
"509",0.102533160700058,0.413205275119189
"510",-0.84416600179893,0.326561320468595
"511",1.11554889571449,0.674235272559864
"512",0.688449351687764,0.540949048750098
"513",-0.941960806142356,0.32593575767228
"514",1.05749556952886,0.653873882186586
"515",-0.217826745044899,0.367564390551985
"516",-0.823499627381131,0.326893704876941
"517",-0.162985325643263,0.374194266611599
"518",0.821617967692524,0.578552345255787
"519",-1.82686117995505,0.395028698619766
"520",-0.175426143602249,0.372647454014338
"521",0.400642482748816,0.470821241416645
"522",-0.00999291894432574,0.395271531687018
"523",0.360368147685463,0.462165967389229
"524",1.10937941461392,0.672035733117855
"525",-1.87122641221925,0.402407216133456
"526",0.192843609805021,0.429098680768085
"527",-0.551580975536754,0.337758809744656
"528",-0.313578527770732,0.357159723483962
"529",-1.81854548974775,0.393692338954272
"530",-0.779607815907776,0.327831063773667
"531",-0.115640564082351,0.380310575243764
"532",-2.01637418151969,0.429570333992752
"533",-0.341454070268542,0.354410724550776
"534",-1.6982476713762,0.375963965878588
"535",0.174669182042572,0.425792273606294
"536",0.591158041268715,0.515582537568462
"537",1.05749556952886,0.653873882186586
"538",-0.656338596716123,0.332144856066736
"539",-1.10136804774819,0.328285096949268
"540",0.359952203930495,0.462078006931175
"541",-0.0884262122874448,0.383991038762816
"542",-0.969243635098106,0.326040850542896
"543",-1.87440013184563,0.402951239280407
"544",-0.702418473714333,0.330242191106656
"545",-0.510614003169725,0.34044088657165
"546",-0.821574136085232,0.326928229404262
"547",0.469526846745576,0.486271220840932
"548",2.17150287844467,1.20773482644037
"549",-1.36041501936451,0.341187144542012
"550",2.51114777529518,1.47124263575284
"551",-1.60852260364239,0.364631517600956
"552",-0.49009281028055,0.341887205946542
"553",-0.611901066665293,0.334307726146383
"554",0.0766920904971856,0.408903963258656
"555",-0.0636879376822775,0.387440995006406
"556",2.17150287844467,1.20773482644037
"557",-0.210818721595754,0.368384380585688
"558",0.815222624376019,0.576668129208232
"559",-0.928160299031208,0.325929124318972
"560",-0.0176524668613929,0.394125845362889
"561",-1.26754274114146,0.335243871624406
"562",-0.748960839695833,0.328671970683393
"563",2.17150287844467,1.20773482644037
"564",-0.884708019084586,0.326112041943783
"565",0.728859851812147,0.552001765105065
"566",-1.45925182548851,0.349179193851969
"567",-0.867066941299225,0.326274507202968
"568",1.41138217393166,0.7903523284908
"569",-1.15785698507975,0.330128884354487
"570",1.33238261819347,0.757220542990355
"571",-0.305532590875468,0.357976676817774
"572",0.198093195860575,0.430063866346296
"573",0.29058330701399,0.447819998347511
"574",-1.30725125983773,0.337601913483932
"575",-0.809609809322729,0.327156320552181
"576",0.680787447980016,0.538888034945702
"577",-0.375206932924875,0.35125128436887
"578",0.434388486791695,0.478287646313092
"579",-1.32341677205638,0.338639936663402
"580",0.0130684501320854,0.398778652010418
"581",2.51114777529518,1.47124263575284
"582",-1.59675526573539,0.363261266732968
"583",0.76975518203438,0.563502596539984
"584",-0.424241173842357,0.346991735248789
"585",0.815222624376019,0.576668129208232
"586",0.238392897985922,0.437625514654807
"587",-0.886509234801669,0.326098319829862
"588",-0.633502446157604,0.333216115534495
"589",0.664384579261735,0.534512363359818
"590",-1.351628159007,0.340560505409157
"591",-1.12501897342784,0.328992177445566
"592",-0.43988144857099,0.345715401834785
"593",-1.8652278035205,0.401384873419715
"594",-0.537641250809384,0.338640729975545
"595",1.33238261819347,0.757220542990355
"596",1.29719892228971,0.742979628100787
"597",-0.0407387226236925,0.390730419632753
"598",-0.401430537380253,0.348924584074054
"599",2.17150287844467,1.20773482644037
"600",1.1834704854081,0.699027142899561
"601",0.458562931079517,0.48375716030775
"602",-1.15896387511184,0.330170351725693
"603",0.815222624376019,0.576668129208232
"604",0.753163370669508,0.558797962101875
"605",0.229036305659328,0.43584587220023
"606",-0.258839344157278,0.362925469117076
"607",0.093591128781032,0.411704468910025
"608",-1.6535347958383,0.370119606930606
"609",-0.866448284014269,0.326281130815406
"610",-1.46040486289723,0.349282799399327
"611",2.51114777529518,1.47124263575284
"612",0.347092332636058,0.459373406508334
"613",-0.205807736590951,0.368975594331858
"614",-0.970077108555098,0.326045976096122
"615",-0.681628642304466,0.33105773037657
"616",0.229036305659328,0.43584587220023
"617",-1.15538412051881,0.330036988866279
"618",0.481029587532623,0.488931396128773
"619",0.0705353233911926,0.407895260069121
"620",1.34831396827848,0.763772035618274
"621",0.574665461140284,0.511453591813045
"622",2.51114777529518,1.47124263575284
"623",-1.8047296460866,0.391504290496934
"624",-1.1129388682406,0.328619370877728
"625",0.753163370669508,0.558797962101875
"626",0.516092372559789,0.49718326697412
"627",-1.1773601975035,0.330889604647308
"628",-2.6300786810127,0.602971760232942
"629",0.850946546946942,0.587296879010058
"630",1.33238261819347,0.757220542990355
"631",0.339875549634404,0.457867896663804
"632",-0.259790399637753,0.362821128568739
"633",0.170784931497401,0.42509270563539
"634",0.486650441640879,0.49023969733404
"635",0.444570272744639,0.480578853828801
"636",-0.777692388654944,0.327879128240713
"637",1.23491396962268,0.718521894314903
"638",-1.88353187289577,0.404528796299823
"639",0.358460578212636,0.461762831503526
"640",2.51114777529518,1.47124263575284
"641",0.250832189209896,0.440014057751066
"642",-0.167326710347162,0.373651617108322
"643",-2.06815165145242,0.440425002643646
"644",-0.711030404822493,0.329925003126427
"645",-0.52288303052195,0.339608958171641
"646",0.0988189807913692,0.412580316995974
"647",-0.0868918653814405,0.38420213524013
"648",2.17150287844467,1.20773482644037
"649",-1.22081413232674,0.3328152285239
"650",-0.218224153846984,0.36751811415419
"651",-0.762522108394372,0.32828097112944
"652",-0.0757218305228182,0.385750379971045
"653",0.295063208802629,0.448716317884301
"654",-0.454072166460244,0.344591856099895
"655",-1.89397399895078,0.40635492979824
"656",2.17150287844467,1.20773482644037
"657",-0.908634169308175,0.325973068218768
"658",-0.330900840856753,0.35543660067301
"659",-0.247604742837995,0.364169042235594
"660",2.17150287844467,1.20773482644037
"661",2.51114777529518,1.47124263575284
"662",0.811500751323444,0.57557527132031
"663",1.17208575331522,0.694797423967238
"664",0.296656682823827,0.449035924198804
"665",-0.150357819265393,0.375789990760973
"666",-0.242968910363629,0.364688161849801
"667",-0.532984923359008,0.338942374907796
"668",0.783976302801744,0.567577272680375
"669",-1.40068476963352,0.344233149191767
"670",-0.107939000842872,0.381339932661888
"671",-2.4614214859306,0.544919747265571
"672",0.161014692155901,0.423344035616857
"673",-1.53723556541069,0.356733380139032
"674",-1.52472081090357,0.355445478937704
"675",-1.50387894008464,0.353365166316275
"676",-0.401961137931546,0.348878663553018
"677",-2.10327542560213,0.448150421994307
"678",-0.46223216266646,0.343960634945114
"679",2.51114777529518,1.47124263575284
"680",-0.367671127511861,0.351940614575447
"681",-1.23759408801906,0.333644478939617
"682",1.28828951794619,0.739422631915237
"683",2.51114777529518,1.47124263575284
"684",-0.0666620970809976,0.387020980745439
"685",-1.12120938585126,0.328871972496979
"686",0.544279423140299,0.503974240950192
"687",-0.762116919066367,0.328292217732337
"688",-0.701133136113473,0.330290552792393
"689",-0.0278024421311899,0.392622352875088
"690",-1.4143200422443,0.34532973419718
"691",-1.88345389073779,0.404515223902486
"692",-1.08333646596987,0.327808575636482
"693",-0.253469281155457,0.363517342298491
"694",-0.070579881859609,0.386469876976997
"695",0.135243946185525,0.418807008383145
"696",-0.984993242842008,0.326157169264006
"697",-0.712694285041659,0.329865098284331
"698",2.51114777529518,1.47124263575284
"699",2.51114777529518,1.47124263575284
"700",-1.52221965728449,0.355191590401643
"701",0.770658025095469,0.563760165446848
"702",-0.522997786562062,0.339601284054633
"703",0.0515106946297612,0.40481750584695
"704",0.722272730650506,0.550179086724806
"705",-1.10369354362368,0.328350474085448
"706",0.425553546407808,0.476313929729706
"707",-0.75756312389952,0.328420480554302
"708",-1.42461548424996,0.346179728861293
"709",-1.26887858357279,0.335318766567998
"710",0.312392243300782,0.452215116012056
"711",-0.23327123505304,0.365785399764525
"712",-0.28755583325579,0.359840013531921
"713",2.51114777529518,1.47124263575284
"714",-0.645378098550976,0.332648426979321
"715",-0.778748853016253,0.327852548694553
"716",-0.876394636638358,0.326182250491248
"717",-1.38150727674583,0.342746788442873
"718",-0.0182625060195558,0.39403502582339
"719",-0.427995724861623,0.346681712808685
"720",-1.7262600716061,0.379828291577451
"721",0.329291478647799,0.455675851774222
"722",-0.0211697846992965,0.393602912717418
"723",0.0322047050319774,0.401754644731397
"724",-0.341357143707389,0.354420063926389
"725",1.23491396962268,0.718521894314903
"726",0.10106499845706,0.412957979816319
"727",2.51114777529518,1.47124263575284
"728",1.05749556952886,0.653873882186586
"729",1.20746220700123,0.708040752978538
"730",-0.243914443258019,0.364581992745359
"731",1.29719892228971,0.742979628100787
"732",-0.691815479661571,0.330649289906419
"733",-0.10077912927095,0.382305528317883
"734",0.65960935214321,0.533247939493484
"735",-0.326589373798572,0.355860931614301
"736",0.285917581922479,0.446890086755554
"737",1.05749556952886,0.653873882186586
"738",1.34008885219896,0.760381530169518
"739",-0.460467447231122,0.344096212255915
"740",-0.90420513320554,0.325991728297547
"741",0.668439269830184,0.53558936165428
"742",-0.357527158683404,0.352883091186851
"743",0.161333893851401,0.423400935772215
"744",1.28828951794619,0.739422631915237
"745",-0.366678330306819,0.352032112821378
"746",-0.145607228365081,0.376396981477544
"747",-0.468891077987259,0.343453563557596
"748",2.17150287844467,1.20773482644037
"749",-1.1405438271223,0.329507068148571
"750",0.042206218118882,0.40333375501927
"751",-0.795934296162942,0.32744565163984
"752",-0.553129218172979,0.337662834133658
"753",2.51114777529518,1.47124263575284
"754",-2.44965030775409,0.541184241427353
"755",-0.31699541756535,0.356815953983828
"756",-0.413856789889969,0.347861154514936
"757",-0.958119125022668,0.325983257793733
"758",1.17208575331522,0.694797423967238
"759",0.950132686095814,0.618154335336364
"760",-0.0754785226750219,0.38578430805972
"761",0.611012435695094,0.520618396420196
"762",-1.25540185719169,0.334576990843475
"763",-0.30941696176739,0.357580951206315
"764",-1.48911568383067,0.351940033812948
"765",0.252752362320564,0.440385058288521
"766",0.423356076194423,0.47582509965917
"767",1.24225472194755,0.721355207243317
"768",-1.32760560748484,0.338916325628023
"769",2.51114777529518,1.47124263575284
"770",-0.287027985762336,0.359895525960994
"771",1.41138217393166,0.7903523284908
"772",-0.141618473098528,0.376909508229336
"773",-1.16023388101879,0.330218179736839
"774",0.0479491527865455,0.404247890919551
"775",-1.00462309769078,0.326359265581112
"776",0.722272730650506,0.550179086724806
"777",-1.33281258549089,0.339264157892039
"778",-0.803866243843152,0.327274117868623
"779",0.607917205813088,0.519828631171925
"780",0.198093195860575,0.430063866346296
"781",0.609882112199662,0.520329748535305
"782",0.883962450535583,0.597346175538316
"783",1.14565291025937,0.68509263462421
"784",0.0358078144615325,0.402321665274936
"785",-1.18044186480609,0.331015670087364
"786",-0.659488700647601,0.332003746781306
"787",-0.515663251669467,0.340095547196432
"788",0.00826109840935639,0.398040425272572
"789",-1.1075751187682,0.328461631579263
"790",0.383292191066479,0.467058583854964
"791",-0.710671827468346,0.329937947573567
"792",-0.0908155718399789,0.383663069390165
"793",-1.3668618825754,0.341655516532475
"794",0.134867227152292,0.418741482683906
"795",2.51114777529518,1.47124263575284
"796",-0.254226205226142,0.363433640407894
"797",2.51114777529518,1.47124263575284
"798",-0.761179829677761,0.328318338569542
"799",-1.40200856261859,0.344338171230388
"800",-0.351456793050543,0.353455093860318
"801",1.23491396962268,0.718521894314903
"802",-2.01865048180727,0.430034349173268
"803",2.17150287844467,1.20773482644037
"804",-0.770842270897596,0.328055920907603
"805",-0.80467217048797,0.327257263212326
"806",0.950132686095814,0.618154335336364
"807",2.17150287844467,1.20773482644037
"808",2.17150287844467,1.20773482644037
"809",-0.0107819469099472,0.395153067787125
"810",-0.0123607449609907,0.394916355235235
"811",-0.958041563495234,0.325982910126427
"812",-1.97155088297969,0.420676230384642
"813",0.883962450535583,0.597346175538316
"814",0.00718321342973822,0.397875409910934
"815",-0.229772491297303,0.36618499003318
"816",0.352208549542092,0.460446005162044
"817",-0.67882397306332,0.331173141775755
"818",0.821617967692524,0.578552345255787
"819",-0.749033667085132,0.328669801119916
"820",-0.45848052599898,0.344249507824355
"821",0.775826020359282,0.56523726105569
"822",0.515053945915348,0.496935743025173
"823",0.443819873953324,0.480409447824698
"824",1.33238261819347,0.757220542990355
"825",-1.12597966247833,0.329022869342663
"826",-1.26380610400596,0.335035936887951
"827",0.520941610679131,0.498341490101073
"828",-1.4766070589459,0.350763859757835
"829",0.155805894627176,0.422418182915567
"830",0.233615959523796,0.436715111235898
"831",0.360440698196987,0.462181294388437
"832",0.498448670769666,0.493003849671722
"833",-1.55977336367409,0.359126609467063
"834",2.51114777529518,1.47124263575284
"835",0.126159832392427,0.417233742473532
"836",-1.35917911281448,0.341098178237281
"837",-0.920551875872657,0.325938802323311
"838",-1.30374545906855,0.337382734054787
"839",0.257256311842519,0.44125770685891
"840",0.100592728945354,0.412878503456529
"841",0.275895256299824,0.4449049310845
"842",-0.0897220314782211,0.383813067975645
"843",-0.628958493983532,0.333439415375817
"844",0.476824183134419,0.487956161207116
"845",-1.3740262328393,0.342184631575612
"846",-1.54283975622715,0.357319581452847
"847",-0.553045821096811,0.337667980449415
"848",-1.49574370241028,0.352574897112413
"849",-0.286912304545117,0.359907674153306
"850",-1.14348911079323,0.329609315738763
"851",-0.746169132768878,0.328756219542366
"852",-0.487436697550013,0.342079433895476
"853",-0.445795786789722,0.34524314996334
"854",-1.58898298756991,0.362370714153461
"855",-1.14992192189398,0.329837659972572
"856",-1.18316917190488,0.331128538313351
"857",0.376454902523607,0.465589972379291
"858",-0.957679003409253,0.325981387172133
"859",0.684877341509155,0.539986825450456
"860",-1.67176712077969,0.372455047208242
"861",0.47954134558909,0.488585941707902
"862",2.17150287844467,1.20773482644037
"863",1.23491396962268,0.718521894314903
"864",-1.04499273986017,0.326974590648539
"865",-0.310627482367497,0.3574581273263
"866",-1.55682316784407,0.358807906326947
"867",1.29719892228971,0.742979628100787
"868",-0.232490247315756,0.365874426271073
"869",-1.92898331851984,0.41265207570668
"870",0.322835153530472,0.454347993166613
"871",0.00993662176604187,0.398297293086554
"872",0.848079538843276,0.586434557448867
"873",-0.49234671725228,0.341724995512936
"874",-1.68195848267285,0.373788999337522
"875",-2.07429496802839,0.441754887891919
"876",-0.345060107103617,0.35406434939988
"877",1.41138217393166,0.7903523284908
"878",0.0252949935876206,0.400673181723386
"879",0.45874411519861,0.48379854700512
"880",-0.0235892569587244,0.393244406477887
"881",0.821617967692524,0.578552345255787
"882",-0.848284051687116,0.326503423693068
"883",-0.425807856903694,0.34686208135385
"884",-0.378515684310121,0.350951565400885
"885",-1.15752024907256,0.330116310433887
"886",-0.921411838038579,0.325937240006871
"887",-0.304071574523836,0.358126170767625
"888",0.241064442799082,0.438136342348236
"889",-0.313136751346524,0.35720431700341
"890",-0.381445731896907,0.350687614551658
"891",-1.65568700495965,0.370391899188787
"892",0.466832838763955,0.485651543154462
"893",-0.832017491225224,0.326748261013493
"894",-1.26870501600549,0.335309022330629
"895",0.355444735607345,0.461126798871539
"896",0.158424607702012,0.42288310297463
"897",-0.476949484726772,0.342849589297769
"898",-0.311209907620746,0.357399124678938
"899",-0.85214914070726,0.326451598456962
"900",1.05749556952886,0.653873882186586
"901",1.28828951794619,0.739422631915237
"902",-0.702461200247958,0.330240578883167
"903",-0.279260814718987,0.360717516604776
"904",-0.464786395816539,0.34376527409906
"905",0.284506976860011,0.44660968378436
"906",-0.16891739228524,0.373453575882775
"907",2.51114777529518,1.47124263575284
"908",2.51114777529518,1.47124263575284
"909",2.51114777529518,1.47124263575284
"910",-1.71758252606323,0.378614366216469
"911",-0.248995564045108,0.364013984883991
"912",-0.890869195815809,0.326067308997909
"913",-1.47130228457097,0.350273679712375
"914",0.79971891256892,0.572133602635824
"915",-0.912365897170097,0.325959837349498
"916",0.237324193215715,0.437421516024752
"917",-0.155474515621194,0.375140266619637
"918",1.17208575331522,0.694797423967238
"919",-0.283605996639811,0.360256462894099
"920",0.84278047728327,0.584844958835158
"921",0.0600689986499784,0.406194747189458
"922",-1.1885747059617,0.331356033660352
"923",2.51114777529518,1.47124263575284
"924",0.811500751323444,0.57557527132031
"925",-1.3835947214684,0.342905423790715
"926",-0.315752004745305,0.356940843255731
"927",-0.636198257721365,0.333085235801557
"928",-0.908708658884082,0.325972772883018
"929",-0.311688228129564,0.35735070496692
"930",1.14565291025937,0.68509263462421
"931",2.17150287844467,1.20773482644037
"932",-0.243080432946617,0.364675643748463
"933",-0.962433022386909,0.326003153600864
"934",0.877494396641024,0.595360177548155
"935",-0.852161691761661,0.326451431597806
"936",-0.539785584400487,0.338502997999341
"937",2.17150287844467,1.20773482644037
"938",-1.43754204896186,0.347273866961613
"939",-0.768125354672476,0.328128158350845
"940",-0.0303049022905174,0.392254224782087
"941",0.0852193259995052,0.410311247697508
"942",-0.270517113949745,0.361654580108089
"943",1.09376513884628,0.666506868367365
"944",-0.153067086343623,0.375445443088034
"945",-0.0746286684105664,0.385902968674742
"946",-0.800632778103643,0.327342805567689
"947",0.466183060022599,0.48550225852296
"948",-0.00532201611374996,0.395974881223693
"949",-1.02485953310217,0.326634100771702
"950",-2.065008304539,0.439747989560465
"951",-0.291881991640817,0.359386801727262
"952",-1.98574276447479,0.423442503155876
"953",0.0300787149497229,0.401421071530824
"954",-0.127492337504711,0.3787453394621
"955",0.52421292483427,0.499125248471574
"956",0.27950104059473,0.445617221066665
"957",1.34008885219896,0.760381530169518
"958",-0.0299689032649885,0.392303593335353
"959",0.753163370669508,0.558797962101875
"960",0.182557006336953,0.427220566361016
"961",-1.51151636285702,0.354118161880082
"962",1.27002633078032,0.732192710089719
"963",2.51114777529518,1.47124263575284
"964",1.28828951794619,0.739422631915237
"965",-0.184222446153823,0.371568959820481
"966",0.172910130615726,0.425475178757794
"967",-0.0294391191533543,0.392381479982996
"968",0.197084276627451,0.429878038128597
"969",-0.299309320037743,0.358615805000932
"970",-0.496231629399002,0.34144734419708
"971",-1.09821480585216,0.328197856276585
"972",2.51114777529518,1.47124263575284
"973",1.34008885219896,0.760381530169518
"974",0.246003130022184,0.439083757703544
"975",0.40829015215522,0.472496139110657
"976",2.51114777529518,1.47124263575284
"977",2.51114777529518,1.47124263575284
"978",0.134967707447325,0.418758947978651
"979",-0.497954562468167,0.341325022824321
"980",0.146109697269962,0.420706636447444
"981",-0.393703644165,0.349598526806737
"982",1.29719892228971,0.742979628100787
"983",0.506672222493337,0.494944942523142
"984",-1.71263097939359,0.377928441927587
"985",-0.244064943613687,0.364565117404713
"986",-1.5231685306627,0.355287771478635
"987",-0.271723889864994,0.361524519705262
"988",0.299517051557399,0.449610735225962
"989",0.466834878828443,0.485651985706542
"990",0.226883360098389,0.435438412332454
"991",2.17150287844467,1.20773482644037
"992",-1.48736345432517,0.35177355876053
"993",2.51114777529518,1.47124263575284
"994",0.821617967692524,0.578552345255787
"995",0.576912478962235,0.512013286153982
"996",1.24225472194755,0.721355207243317
"997",0.20916952075062,0.432115347132381
"998",-0.34355524201146,0.354208653843399
"999",-0.15098309720628,0.375710364046589
"1000",0.815222624376019,0.576668129208232
"1001",-1.24747970634582,0.334155455509069
"1002",2.51114777529518,1.47124263575284
"1003",-1.32546005648962,0.338774389503322
"1004",0.0683167362266319,0.407533310386437
"1005",1.41138217393166,0.7903523284908
"1006",-0.16258892280224,0.374243967944914
"1007",-1.06303916755509,0.327336761931401
"1008",-1.06198405894168,0.327314107505375
"1009",-0.210782945763009,0.368388585539748
"1010",-1.16945071287237,0.330573376009568
"1011",-0.21020864342749,0.368456150962113
"1012",2.17150287844467,1.20773482644037
"1013",0.872761684756118,0.593912367114854
"1014",-0.409849234770592,0.348201367907907
"1015",2.17150287844467,1.20773482644037
"1016",0.385637976589479,0.467564281709463
"1017",0.75734209197533,0.559977918663067
"1018",-0.285922056343023,0.360011949098261
"1019",-0.0782400294486697,0.385399560589833
"1020",-0.166495819313817,0.373755230824244
"1021",2.17150287844467,1.20773482644037
"1022",0.504773476786187,0.494495754427297
"1023",-1.07083258028122,0.327509823285703
"1024",-1.27084697618745,0.335429736647072
"1025",-1.36245929105065,0.341334877165882
"1026",-0.170621961689606,0.373241772206803
"1027",2.51114777529518,1.47124263575284
"1028",-0.118161387702385,0.37997574069032
"1029",-0.385583007961235,0.350317281866763
"1030",-0.791970748475081,0.327535217887305
"1031",0.481029587532623,0.488931396128773
"1032",0.269009845451433,0.443550856064503
"1033",-0.592367244565246,0.33536036827726
"1034",-0.322449584785921,0.356271185015945
"1035",-0.310824612269208,0.357438169902723
"1036",2.17150287844467,1.20773482644037
"1037",0.189553994785479,0.428496216174881
"1038",-0.442275444393017,0.345523558850314
"1039",-0.529013430149218,0.339202449752046
"1040",-0.63138002297076,0.333320004245572
"1041",-1.3543376345235,0.340752288114308
"1042",0.758240518175227,0.560232041032986
"1043",0.265630689574982,0.442889193986802
"1044",-0.0985331053833316,0.382610145048386
"1045",0.833867034754672,0.582183767063047
"1046",-0.467233715292443,0.343579103479891
"1047",-2.01225168497421,0.428733019633828
"1048",-0.631710107599301,0.333303793182811
"1049",0.201042161765886,0.430608073734849
"1050",1.09376513884628,0.666506868367365
"1051",-1.59732312378156,0.363326778001036
"1052",-0.392530471879295,0.349701716119925
"1053",0.328943662343835,0.455604151901494
"1054",-0.876670953360941,0.326179750738509
"1055",0.943208046016837,0.615934519719963
"1056",-1.14193391817123,0.329555136155332
"1057",0.860143497508553,0.59007421332702
"1058",-2.281696615092,0.492115744639047
"1059",-1.64376997860674,0.368895618929723
"1060",0.336929814831249,0.457255910857279
"1061",-0.179071758285884,0.37219892657948
"1062",-1.87009348603976,0.402213509560587
"1063",-0.284047567231278,0.360209770171439
"1064",-1.07227772103904,0.327543039041545
"1065",2.17150287844467,1.20773482644037
"1066",-1.47484290194211,0.350600279929159
"1067",-1.12728592737423,0.329064845392756
"1068",0.100729207282822,0.412901472474308
"1069",-0.517730865292447,0.339955310873146
"1070",1.17208575331522,0.694797423967238
"1071",2.17150287844467,1.20773482644037
"1072",-0.409845341856974,0.3482017053776
"1073",-0.136054888120957,0.377628673199358
"1074",2.51114777529518,1.47124263575284
"1075",2.51114777529518,1.47124263575284
"1076",-0.97278958148395,0.326063472522912
"1077",-0.331890652771494,0.355339621251779
"1078",0.475084440187937,0.487553620866759
"1079",-0.201443737916897,0.369493795307626
"1080",-0.236069012828662,0.36546726599908
"1081",-0.440534332777091,0.345662996309417
"1082",1.40009152370063,0.785517255082044
"1083",-0.338889678940283,0.354658344922762
"1084",0.243923760370884,0.438684346493137
"1085",-0.310403112072775,0.35748088367891
"1086",0.285512858805857,0.446809614975955
"1087",-1.55127325096045,0.358212822520722
"1088",-1.23411631359999,0.333468664908723
"1089",0.29058330701399,0.447819998347511
"1090",0.0256930422563977,0.400735280302493
"1091",0.722272730650506,0.550179086724806
"1092",-0.318407814595444,0.356674437361711
"1093",-0.968368607626603,0.326035577478244
"1094",-0.0965816936413136,0.382875469509711
"1095",-0.317482291270023,0.356767125552611
"1096",0.445319163386834,0.480748157917716
"1097",-1.44483461663055,0.347904389164559
"1098",0.00468869357441185,0.397494257351838
"1099",-0.803534984542896,0.327281073430417
"1100",-0.267085203248624,0.362025775552361
"1101",-1.12821713102641,0.329094956157435
"1102",0.356183419280674,0.461282452721034
"1103",-0.850870101325773,0.326468489635338
"1104",0.146109697269962,0.420706636447444
"1105",-1.2116762980532,0.33238376852875
"1106",2.51114777529518,1.47124263575284
"1107",1.33238261819347,0.757220542990355
"1108",-1.57031384428675,0.360278653075751
"1109",-0.46810196316491,0.343513297476994
"1110",0.775547237233791,0.565157473100844
"1111",1.04783541971961,0.650558108039015
"1112",-0.0182638476833685,0.39403480303724
"1113",0.441135395391512,0.47980394169421
"1114",2.17150287844467,1.20773482644037
"1115",-0.192582953466741,0.3705554846567
"1116",-0.226728809557269,0.366534255264984
"1117",-0.548623589887627,0.337943262785693
"1118",-1.41608876212988,0.345474419293836
"1119",2.51114777529518,1.47124263575284
"1120",-1.65449093596296,0.370240474920673
"1121",-0.330906556664468,0.355436022372468
"1122",0.261635575824113,0.442109373594724
"1123",2.17150287844467,1.20773482644037
"1124",-0.970532369114684,0.32604882680871
"1125",2.51114777529518,1.47124263575284
"1126",-0.32205735231153,0.35631019114558
"1127",0.101924393390282,0.413102693302027
"1128",0.728859851812147,0.552001765105065
"1129",1.28828951794619,0.739422631915237
"1130",0.882527692458996,0.596904923977951
"1131",-0.0793616434351524,0.385243647623571
"1132",0.145604604160658,0.420617909933993
"1133",0.248888850123825,0.439639200690126
"1134",1.17208575331522,0.694797423967238
"1135",-0.43669447462537,0.345972262817845
"1136",-0.259502924977252,0.362852659749807
"1137",0.395374721809204,0.469673453210322
"1138",-0.947169845329845,0.325946398945874
"1139",-2.38178462348834,0.520417594416596
"1140",1.33238261819347,0.757220542990355
"1141",0.197911743386351,0.43003044673418
"1142",-0.402968572539699,0.348791587727148
"1143",1.33238261819347,0.757220542990355
"1144",-0.568847534373645,0.33671035342229
"1145",-0.502982232335572,0.340970756501306
"1146",-0.0229437065878003,0.393339960993257
"1147",-0.318030571175361,0.356712205427049
"1148",0.872761684756118,0.593912367114854
"1149",-1.91745790305227,0.410549129288942
"1150",1.17208575331522,0.694797423967238
"1151",-0.371528195606978,0.351586643262862
"1152",0.469320507557974,0.486223739250395
"1153",-0.532281675678808,0.338988235955619
"1154",-1.45458555976826,0.348762492789456
"1155",-0.760535352615135,0.32833637630336
"1156",0.343611044238352,0.45864605190159
"1157",-0.928411549472491,0.325928958259691
"1158",-0.442067179660623,0.34554021940952
"1159",-2.2433312492694,0.481976663924807
"1160",-0.380188493737781,0.350800701193313
"1161",-0.364430415568553,0.352239884088712
"1162",-0.801572417299,0.327322666606396
"1163",-1.52789784409436,0.355769675646282
"1164",-0.0823995930952951,0.384822344356944
"1165",-0.465181717971049,0.34373515349987
"1166",0.327126440967234,0.455229802837527
"1167",0.120606083055956,0.416278562893828
"1168",2.51114777529518,1.47124263575284
"1169",-1.59739398631906,0.363334961414171
"1170",-0.34053250434225,0.354499593188566
"1171",2.17150287844467,1.20773482644037
"1172",-1.62890364564463,0.367067813588406
"1173",1.41138217393166,0.7903523284908
"1174",-1.12887028084348,0.329116130116635
"1175",0.811500751323444,0.57557527132031
"1176",1.17208575331522,0.694797423967238
"1177",-0.916906436968673,0.325946814161201
"1178",-0.853803907587916,0.326430143704298
"1179",-0.610500087609285,0.334381155152155
"1180",-1.07250087647236,0.327548195192663
"1181",-0.727251730218704,0.329360403940125
"1182",-1.42505474055317,0.346216408761144
"1183",0.0379891027349348,0.402665936148936
"1184",0.949380490433158,0.61791274306775
"1185",0.418234671164351,0.474689107774206
"1186",-0.296258619271089,0.358931383932371
"1187",0.470178686816909,0.486421364368543
"1188",0.490802936871271,0.491209776951215
"1189",0.327141874944786,0.455233012029098
"1190",-0.319481166216396,0.356567091650709
"1191",-0.40799800211701,0.348359411029447
"1192",0.107933291011346,0.414117991185841
"1193",-1.18396560442594,0.331161761003556
"1194",-0.627378947831762,0.333517835427946
"1195",-0.701133136113473,0.330290552792393
"1196",0.509090527995446,0.495518087597176
"1197",-1.05504493865031,0.327169663445769
"1198",-0.196844566959422,0.370043291369914
"1199",1.10937941461392,0.672035733117855
"1200",-0.205937491030726,0.368960238374642
"1201",-1.52028328605882,0.354995826571572
"1202",0.67221977271236,0.536596265603465
"1203",0.0204267036990971,0.399915904457039
"1204",-1.72303194766657,0.379374895943741
"1205",-0.877599745388415,0.326171385769371
"1206",-1.08792851180899,0.327924792785039
"1207",-1.77260270648267,0.386570529917184
"1208",-1.40320249643364,0.344433145292643
"1209",1.05749556952886,0.653873882186586
"1210",0.664384579261735,0.534512363359818
"1211",-1.19364253960991,0.331573753888058
"1212",0.536591424653811,0.502107999001057
"1213",2.51114777529518,1.47124263575284
"1214",0.950132686095814,0.618154335336364
"1215",-0.808731303972906,0.327173980796798
"1216",0.544279423140299,0.503974240950192
"1217",-0.184076739169907,0.371586685348213
"1218",0.508609232459223,0.495403963423924
"1219",2.51114777529518,1.47124263575284
"1220",-1.35627192014105,0.340889987981519
"1221",0.508108296231116,0.49528521307416
"1222",-0.0558996327097395,0.388547738560702
"1223",2.51114777529518,1.47124263575284
"1224",1.28828951794619,0.739422631915237
"1225",-0.93281808317848,0.32592787580541
"1226",-0.816644904920441,0.327019387479895
"1227",-0.219238661151636,0.367400138633424
"1228",0.607683932665454,0.519769111416427
"1229",-0.183669769692055,0.37163633032467
"1230",-0.927184009305867,0.325929822385765
"1231",-0.740211198577096,0.32894019510805
"1232",-0.297382700889309,0.358814914209565
"1233",-1.38729589808315,0.343188545732308
"1234",0.15046199131979,0.421473000297936
"1235",-0.0733556948458785,0.386080929955276
"1236",-0.978935623452695,0.326107606323553
"1237",-0.821994553256546,0.326920653924048
"1238",0.286514712395414,0.447008918459244
"1239",0.59440470022923,0.516401146083229
"1240",0.462365117505218,0.484626632664045
"1241",0.26397896298163,0.442566486994921
"1242",1.41138217393166,0.7903523284908
"1243",-1.54814663972206,0.357880107642948
"1244",0.684877341509155,0.539986825450456
"1245",-0.764137022836056,0.328236401454894
"1246",-0.436645939062693,0.345976183743886
"1247",0.458562931079517,0.48375716030775
"1248",0.430033404201363,0.477313061975758
"1249",0.127648541897121,0.417490639340311
"1250",0.140744302795639,0.419766202984913
"1251",-0.88784495615859,0.326088479784395
"1252",-1.26763141483424,0.335248831155304
"1253",-1.01185963906239,0.326449812459285
"1254",-0.361542683150067,0.352508011784333
"1255",-0.0291718333193092,0.39242077347954
"1256",0.821617967692524,0.578552345255787
"1257",0.0847230436304904,0.410229033966321
"1258",-1.22165350382923,0.33285557115339
"1259",-1.44880764433415,0.34825196181654
"1260",0.0206241023119833,0.399946532938621
"1261",-1.11450985484319,0.328666471175832
"1262",-0.256998781800177,0.363127794455573
"1263",-0.706833579325097,0.330078054290383
"1264",1.23491396962268,0.718521894314903
"1265",-0.295346329905599,0.359026081670833
"1266",0.336176440806354,0.457099613803848
"1267",-0.880536576874412,0.32614586025681
"1268",0.753163370669508,0.558797962101875
"1269",-0.185503466531127,0.371412897902494
"1270",-0.280997615450374,0.360532855320666
"1271",0.218258555363641,0.433813922138773
"1272",-0.516763886846452,0.340020800168765
"1273",-1.48349615013338,0.351408095842688
"1274",2.51114777529518,1.47124263575284
"1275",-1.99693938619388,0.425657360044504
"1276",0.349028594510458,0.459778809853573
"1277",0.17832504056372,0.426452999276783
"1278",-1.10153749466469,0.328289819994149
"1279",-1.25141026094113,0.334363268143174
"1280",1.4500201333854,0.807156475158809
"1281",0.0564591642842629,0.405612360420851
"1282",-0.129630841176641,0.378465337113573
"1283",0.159558784327347,0.423084804366629
"1284",0.28610203343721,0.446926784811075
"1285",-0.38635373851596,0.350248608498406
"1286",0.0604058973678041,0.406249212078555
"1287",0.159304467448213,0.423039583324081
"1288",-0.998344325703771,0.326287736319235
"1289",-0.633441675701881,0.333219089477232
"1290",-0.427362745861703,0.34673381299936
"1291",0.121507254034964,0.41643321706834
"1292",0.360183749502763,0.462126942159309
"1293",-0.576673904925307,0.33625112633782
"1294",0.22800010162956,0.435649667764825
"1295",0.883962450535583,0.597346175538316
"1296",0.444660091322953,0.480599192425549
"1297",-0.867821955842665,0.326266505109156
"1298",0.966667739162907,0.623495552909413
"1299",-1.42836464320489,0.346493995395419
"1300",-1.72943759724294,0.380276600643251
"1301",0.775547237233791,0.565157473100844
"1302",2.51114777529518,1.47124263575284
"1303",-0.776369718976973,0.327912660056278
"1304",-0.4729315684769,0.343149410286078
"1305",-0.74833619664911,0.328690719645967
"1306",0.257756149726608,0.441354712620167
"1307",0.15540658228422,0.422347431524957
"1308",-0.582791528230102,0.335899095878283
"1309",-1.05935162851393,0.327258365191926
"1310",-0.35622018665945,0.353005754516803
"1311",-1.79500336783904,0.389987910513077
"1312",-1.15663255747628,0.330083244845151
"1313",-0.199039037233802,0.369780685252932
"1314",0.684877341509155,0.539986825450456
"1315",-1.69508684644722,0.375537808375786
"1316",1.5403656621677,0.848050192873154
"1317",-1.04483193601022,0.326971610022264
"1318",-1.05987634190094,0.327269388713497
"1319",0.443819873953324,0.480409447824698
"1320",-0.436703733897488,0.345971508808889
"1321",-1.58439006511155,0.361849913133789
"1322",0.555829136336967,0.506797677240839
"1323",1.11554889571449,0.674235272559864
"1324",1.04783541971961,0.650558108039015
"1325",0.501077791111705,0.493623125651096
"1326",-0.959965182613614,0.325991386757012
"1327",2.17150287844467,1.20773482644037
"1328",-0.788292528129257,0.32762062551654
"1329",-1.03269882644876,0.326758734171406
"1330",-0.648570068103218,0.332499736981705
"1331",0.140896442662634,0.41979279168405
"1332",2.51114777529518,1.47124263575284
"1333",2.51114777529518,1.47124263575284
"1334",0.289346179188976,0.447573091694296
"1335",-0.578531269953813,0.336143603277302
"1336",0.365395513416256,0.463231248591123
"1337",1.2006611344098,0.705471840452676
"1338",0.367962700689655,0.463776942778091
"1339",-1.1674670462693,0.330495725272452
"1340",0.15174672733269,0.421699795584053
"1341",0.39519774517353,0.469634928641871
"1342",0.524464977799788,0.499185714652742
"1343",-0.469210577265325,0.343429417527617
"1344",-0.860672325820506,0.326345959849216
"1345",-0.972205231269188,0.326059608473505
"1346",2.51114777529518,1.47124263575284
"1347",2.51114777529518,1.47124263575284
"1348",-0.463665386139777,0.343850888105245
"1349",-0.775011746538343,0.32794738316671
"1350",0.61822438631741,0.522465324980374
"1351",-1.44240953481949,0.347693659431981
"1352",-0.28807928420693,0.35978500661166
"1353",0.848079538843276,0.586434557448867
"1354",0.360368147685463,0.462165967389229
"1355",-0.227617248598894,0.366432142633188
"1356",-0.646845574790876,0.332579851443321
"1357",-0.890894795289784,0.326067124252831
"1358",0.74232778561717,0.555754016988509
"1359",-1.95832142535648,0.418138817011414
"1360",0.664384579261735,0.534512363359818
"1361",-0.749390685290825,0.328659124214043
"1362",0.74477931289496,0.556440727803966
"1363",-1.03408643967279,0.326781834452898
"1364",-0.654491328781446,0.332228361936655
"1365",-0.760488199331014,0.328337706145911
"1366",-0.769414710335783,0.328093751078153
"1367",1.23491396962268,0.718521894314903
"1368",-0.859512078263381,0.326359642240365
"1369",-1.00228226755308,0.326331862488626
"1370",-1.95161666378442,0.416867894533967
"1371",2.17150287844467,1.20773482644037
"1372",2.17150287844467,1.20773482644037
"1373",-0.469025440387812,0.34344341304136
"1374",0.629434649219229,0.525355088967936
"1375",0.38601366784191,0.467645366608874
"1376",-0.241688965684925,0.36483210059431
"1377",-0.0282609802840512,0.392554826144737
"1378",0.0472653814689916,0.404138769759252
"1379",-0.658994594843158,0.33202577654716
"1380",0.243553118903451,0.438613213442394
"1381",0.32971940525735,0.455764107390543
"1382",2.51114777529518,1.47124263575284
"1383",1.14565291025937,0.68509263462421
"1384",1.33238261819347,0.757220542990355
"1385",0.11867772313193,0.41594809794288
"1386",2.51114777529518,1.47124263575284
"1387",-2.0540713083327,0.437410700502681
"1388",0.183685650020194,0.427425794668639
"1389",-0.471549190408736,0.343253181010802
"1390",-1.60177939812417,0.363843060408968
"1391",0.504292045689923,0.494381943280432
"1392",-0.283605996639811,0.360256462894099
"1393",0.499721911124665,0.493303618617465
"1394",0.778068216201143,0.565879680548228
"1395",0.201108054984437,0.430620275421223
"1396",-0.0765086434191683,0.385640631374164
"1397",0.159553326744369,0.423083835768781
"1398",-1.55253489318263,0.358347595743399
"1399",0.698702826475871,0.543724373481915
"1400",0.35199973564302,0.460402174160506
"1401",-0.305758532186418,0.357953605681286
"1402",0.169681669438646,0.424894469892647
"1403",0.541734825061839,0.503355319136404
"1404",2.51114777529518,1.47124263575284
"1405",-0.5477462161004,0.337998273879648
"1406",0.0346851146569575,0.402144725444573
"1407",-0.804986354641767,0.327250741837767
"1408",-0.558461101651341,0.337335213228253
"1409",-1.24124556109409,0.333831280112439
"1410",2.51114777529518,1.47124263575284
"1411",0.455942453484899,0.483159353735021
"1412",-0.0187761890793514,0.393958561732422
"1413",0.638619003079742,0.527739703791608
"1414",1.04464428496033,0.649467376051263
"1415",-0.297576907147135,0.358794823036152
"1416",-0.0727956151184782,0.386159280063024
"1417",2.51114777529518,1.47124263575284
"1418",1.41138217393166,0.7903523284908
"1419",-0.282165053041964,0.360408998784016
"1420",1.28828951794619,0.739422631915237
"1421",0.237703798399979,0.437493922638028
"1422",-0.274555107771744,0.361220278618074
"1423",0.448749522870637,0.481524641818298
"1424",2.51114777529518,1.47124263575284
"1425",-0.256251754874716,0.363210055247091
"1426",0.65960935214321,0.533247939493484
"1427",-2.24538602967193,0.482509955575658
"1428",2.51114777529518,1.47124263575284
"1429",-1.12906112892611,0.32912235201038
"1430",-0.0365524322974894,0.391339666684849
"1431",2.51114777529518,1.47124263575284
"1432",1.41138217393166,0.7903523284908
"1433",0.0575381771298856,0.405786239484318
"1434",0.295455837692238,0.448795018412922
"1435",2.51114777529518,1.47124263575284
"1436",-0.0597565108601924,0.387998438144729
"1437",-1.19561134555836,0.331659499569018
"1438",-0.340631211915515,0.354490085307539
"1439",-1.77385728169428,0.386759184371692
"1440",2.51114777529518,1.47124263575284
"1441",0.60262671977394,0.518482714969532
"1442",-1.30226616680619,0.337290912649872
"1443",-0.611070825496969,0.334351206740986
"1444",-0.615002311646893,0.334146325952389
"1445",-1.18578820609185,0.331238158541466
"1446",0.753163370669508,0.558797962101875
"1447",-0.523817320380921,0.339546595817257
"1448",1.17208575331522,0.694797423967238
"1449",0.512250302986749,0.496268490025543
"1450",-1.20046865158176,0.33187388081234
"1451",-0.880021501075748,0.326150235809441
"1452",-1.59701636864113,0.363291383972364
"1453",0.00255596427834967,0.397169208540257
"1454",0.188321120997711,0.428270827570863
"1455",2.17150287844467,1.20773482644037
"1456",0.494723460517475,0.492128447455433
"1457",-0.198349672200194,0.369863089273856
"1458",-0.471125114006554,0.343285065010629
"1459",1.17208575331522,0.694797423967238
"1460",-1.36907408260418,0.341817940150683
"1461",0.185921858147663,0.427833008561534
"1462",1.33238261819347,0.757220542990355
"1463",-0.185791776824275,0.371377840292068
"1464",-1.1673883208766,0.330492663343617
"1465",0.0494202994545076,0.404482925503891
"1466",0.352757543086983,0.460561381433388
"1467",-0.832913387919457,0.326733652950143
"1468",0.0968316180957865,0.412246847870554
"1469",2.17150287844467,1.20773482644037
"1470",-1.01901030306545,0.326547736405823
"1471",-0.170907560266461,0.373206360417352
"1472",0.888323386691236,0.598689994902561
"1473",-0.0667257983840703,0.387012001597836
"1474",-0.0377451485189303,0.391165808854158
"1475",-0.665756477011596,0.331727821750633
"1476",-0.212462705340367,0.368191307712733
"1477",0.425795209127753,0.476367740351682
"1478",2.51114777529518,1.47124263575284
"1479",-0.423432709069066,0.347058781322318
"1480",2.51114777529518,1.47124263575284
"1481",0.256561550118018,0.441122861590464
"1482",-1.94937056172397,0.416444390895173
"1483",-0.321918053253125,0.356324065311798
"1484",0.0457812112508453,0.403902195213286
"1485",0.127512367943449,0.417467122129999
"1486",-0.0548727823049817,0.388694408658937
"1487",0.629434649219229,0.525355088967936
"1488",2.51114777529518,1.47124263575284
"1489",0.022651286136006,0.40026146352195
"1490",0.821617967692524,0.578552345255787
"1491",-0.048337352450596,0.389631790967343
"1492",-1.5124883083003,0.35421473647543
"1493",-0.71845633653175,0.329661205513256
"1494",0.172292772029156,0.425363986851657
"1495",-0.238236712202484,0.36522169155842
"1496",-0.159164279576529,0.374674373036264
"1497",0.101919189989051,0.413101810441669
"1498",1.17071484338653,0.694290062719642
"1499",0.327246547139118,0.455254543856737
"1500",0.560089874444661,0.507845312091298
"1501",-0.864147757822938,0.326306293113004
"1502",-0.144736195051552,0.376508698788895
"1503",1.14565291025937,0.68509263462421
"1504",-0.635048337694357,0.333140902906411
"1505",2.17150287844467,1.20773482644037
"1506",0.13645074447172,0.419017021014337
"1507",1.08216081671835,0.662433224242521
"1508",-0.229922405445031,0.366167838803372
"1509",0.0473273548847571,0.404148657431122
"1510",-1.54355094983212,0.357394405080508
"1511",-0.0927185557049229,0.383402557522226
"1512",0.950132686095814,0.618154335336364
"1513",-1.31572683930931,0.338140482836255
"1514",0.212395470064181,0.432716632916905
"1515",-0.595529994914425,0.335185712287439
"1516",2.51114777529518,1.47124263575284
"1517",0.352757543086983,0.460561381433388
"1518",0.74232778561717,0.555754016988509
"1519",0.219306683447526,0.434010672553452
"1520",0.329025951050284,0.455621120222327
"1521",0.369786008392335,0.464165120070014
"1522",-1.11567221589994,0.328701585736152
"1523",-0.463576126109901,0.343857702000877
"1524",-1.06533333217877,0.327386656877163
"1525",0.499483181778398,0.493247401596559
"1526",-0.0863182673305136,0.384281136103011
"1527",-0.147926919942902,0.376100154225282
"1528",0.449403697389418,0.481672936274923
"1529",0.140107295105417,0.419654863911663
"1530",-0.158568603679124,0.374749462945253
"1531",-0.197258489441779,0.369993688169731
"1532",-1.56289536311841,0.359465642200097
"1533",-1.5756528770288,0.360870192517079
"1534",1.41138217393166,0.7903523284908
"1535",0.300328145456648,0.449774018610476
"1536",-1.74435999751567,0.382409423445154
"1537",-0.515952431478434,0.340075882074942
"1538",-0.675112486041601,0.331327843673214
"1539",-1.52921651416856,0.355904788098295
"1540",-0.390677227266021,0.349865143914545
"1541",2.17150287844467,1.20773482644037
"1542",2.17150287844467,1.20773482644037
"1543",1.33238261819347,0.757220542990355
"1544",2.51114777529518,1.47124263575284
"1545",-0.934110855026546,0.325928152568262
"1546",2.17150287844467,1.20773482644037
"1547",0.680787447980016,0.538888034945702
"1548",-1.65424576509553,0.37020947958208
"1549",-1.81221082921701,0.39268410059239
"1550",0.520941610679131,0.498341490101073
"1551",-0.736490693982595,0.329058038144087
"1552",-0.844675926521255,0.326553990060216
"1553",2.51114777529518,1.47124263575284
"1554",2.51114777529518,1.47124263575284
"1555",-0.176930581836399,0.372462096173221
"1556",-0.880557446399873,0.32614569694734
"1557",0.722272730650506,0.550179086724806
"1558",-0.535606230696169,0.338772124173647
"1559",-1.40504080837682,0.3445798709564
"1560",-0.870304946194695,0.326240864740054
"1561",-2.05221130988608,0.437016041058086
"1562",-1.51604062559751,0.354569293523565
"1563",2.51114777529518,1.47124263575284
"1564",-0.28780969844553,0.359813336472694
"1565",0.821617967692524,0.578552345255787
"1566",0.17512523323696,0.425874566908596
"1567",1.11554889571449,0.674235272559864
"1568",2.51114777529518,1.47124263575284
"1569",0.207095503395858,0.43172966121359
"1570",-0.171131380514831,0.373178583832278
"1571",0.811500751323444,0.57557527132031
"1572",1.41138217393166,0.7903523284908
"1573",0.231148670043338,0.436246366562896
"1574",-0.112117554189083,0.380780253605812
"1575",-0.673276962126985,0.331405193529628
"1576",-1.77726647425471,0.387273471153301
"1577",0.113862612930571,0.415125568276966
"1578",-2.36458519731357,0.515359820120503
"1579",-0.503963723403471,0.340902070746706
"1580",-0.803318632597346,0.327285631836795
"1581",1.33238261819347,0.757220542990355
"1582",1.28828951794619,0.739422631915237
"1583",-0.923625040657266,0.325933764855987
"1584",1.24072078260563,0.72076210918337
"1585",-0.912959123269332,0.325957951751101
"1586",0.622798775229168,0.52364172812279
"1587",0.688449351687764,0.540949048750098
"1588",1.17208575331522,0.694797423967238
"1589",2.17150287844467,1.20773482644037
"1590",0.249307007071615,0.43971982007465
"1591",-0.170827271490075,0.373216324014475
"1592",-0.196630910192589,0.370068892696983
"1593",-1.17676041688643,0.330865242687215
"1594",-1.80569961280807,0.391656619369648
"1595",-0.711822755084245,0.329896414630854
"1596",-1.90751738735669,0.408758957376343
"1597",0.524464977799788,0.499185714652742
"1598",0.872761684756118,0.593912367114854
"1599",1.24225472194755,0.721355207243317
"1600",-1.23155230663057,0.33334039229932
"1601",0.840050962554156,0.584028370662919
"1602",0.019789126725669,0.399817033467227
"1603",-1.15502912384805,0.33002387632449
"1604",-0.218027153898119,0.367541038498107
"1605",-0.31707351390721,0.356808142669729
"1606",0.125989042920472,0.417204296000043
"1607",-0.250507618527562,0.36384575986773
"1608",1.09376513884628,0.666506868367365
"1609",1.23491396962268,0.718521894314903
"1610",-1.01497067632416,0.32649137385452
"1611",-0.90619532468189,0.325982943970098
"1612",0.386266551780487,0.467699958529134
"1613",-0.563231322032011,0.337046047535828
"1614",0.920497716966043,0.608724015031005
"1615",0.393671187025971,0.469303252663089
"1616",0.59440470022923,0.516401146083229
"1617",-0.173308698441297,0.372908951492399
"1618",0.175693091731385,0.425977124791401
"1619",-0.282110694613776,0.36041478689423
"1620",1.24225472194755,0.721355207243317
"1621",0.20427206679088,0.431205754694167
"1622",0.118914005806465,0.41598856022892
"1623",1.34831396827848,0.763772035618274
"1624",-0.789540575729929,0.327591385958585
"1625",2.51114777529518,1.47124263575284
"1626",1.4500201333854,0.807156475158809
"1627",0.434388486791695,0.478287646313092
"1628",0.718405577713387,0.549112886369089
"1629",-1.76327332523117,0.385177876862898
"1630",0.197063996748494,0.429874249303692
"1631",-1.28089500170263,0.336006455156887
"1632",0.573613407514179,0.511191866152977
"1633",-0.87949526202951,0.326154756371653
"1634",2.17150287844467,1.20773482644037
"1635",-0.377122126496793,0.351077563119799
"1636",-1.55314704185258,0.358413084710872
"1637",0.540688282918547,0.50310121508402
"1638",-1.21137044026505,0.332369568793959
"1639",0.465513378230438,0.485348465694009
"1640",0.135468295203567,0.418846039668588
"1641",0.943208046016837,0.615934519719963
"1642",1.4500201333854,0.807156475158809
"1643",-1.04136173027682,0.326908247535994
"1644",-2.0393979019384,0.434319314349158
"1645",0.684049000879997,0.539764035072057
"1646",-1.80293500890495,0.391223021287679
"1647",-1.71879003457041,0.378782346801436
"1648",-0.179553507134017,0.372139832028671
"1649",-0.94347150342105,0.325938390214037
"1650",-0.122588549895649,0.379390192509603
"1651",0.248529232756161,0.439569910564481
"1652",-0.415429557542852,0.347728335587407
"1653",2.51114777529518,1.47124263575284
"1654",0.404675502937452,0.471703270088179
"1655",-0.387229257514408,0.350170700361102
"1656",-1.89546793005002,0.406618134594597
"1657",0.702736369171427,0.544821624573509
"1658",2.51114777529518,1.47124263575284
"1659",1.23491396962268,0.718521894314903
"1660",1.24225472194755,0.721355207243317
"1661",2.51114777529518,1.47124263575284
"1662",-0.0190585965920441,0.393916546081961
"1663",-0.512917068695041,0.340282859869808
"1664",0.452641238893657,0.482407988554052
"1665",0.364304221140272,0.462999727887229
"1666",0.888323386691236,0.598689994902561
"1667",-0.75665233359674,0.328446534465429
"1668",0.0604983785580626,0.406264135995012
"1669",0.322332309816319,0.454244889541855
"1670",0.815222624376019,0.576668129208232
"1671",-1.35201127796531,0.340587546246984
"1672",0.441339239967313,0.479849856572678
"1673",-0.615326450287022,0.334129566630659
"1674",-0.290887237199943,0.359490744127634
"1675",-0.756708112370726,0.328444926369402
"1676",2.17150287844467,1.20773482644037
"1677",0.352208549542092,0.460446005162044
"1678",1.23491396962268,0.718521894314903
"1679",0.775826020359282,0.56523726105569
"1680",0.142619643606629,0.420094332369892
"1681",-0.236447904408314,0.365424290792173
"1682",-0.0825145041210602,0.384806426860438
"1683",2.17150287844467,1.20773482644037
"1684",0.753153848406283,0.558795257788998
"1685",0.131169690117206,0.418099707201608
"1686",-0.317286231598223,0.356786801353849
"1687",-0.616096118977882,0.334089792389949
"1688",-1.31078128809115,0.337824705209388
"1689",-0.505131566641864,0.34082056337718
"1690",-1.01049193673373,0.326432046777507
"1691",2.17150287844467,1.20773482644037
"1692",1.33238261819347,0.757220542990355
"1693",2.51114777529518,1.47124263575284
"1694",-0.179086778754786,0.372197090181848
"1695",0.223107930730306,0.434725786754375
"1696",0.0186290931177575,0.399637265068064
"1697",0.594929984978286,0.516533762797161
"1698",-1.0336884946979,0.326775177201742
"1699",-0.507361048175845,0.340665568155592
"1700",0.617686971402333,0.522327373033061
"1701",0.570431794977779,0.510401564595041
"1702",-0.0941792690285646,0.383202965841754
"1703",2.51114777529518,1.47124263575284
"1704",0.625772150299809,0.524408419074229
"1705",-0.382448430735254,0.350597600575425
"1706",-0.833971274465462,0.326716568804111
"1707",0.0108630324058689,0.398439517088158
"1708",-0.37300201387471,0.351452030525309
"1709",0.688449351687764,0.540949048750098
"1710",-0.202382015886509,0.369382121446317
"1711",-1.23693434038264,0.333610958591676
"1712",1.41138217393166,0.7903523284908
"1713",1.41138217393166,0.7903523284908
"1714",1.10937941461392,0.672035733117855
"1715",0.319941929945143,0.453755272215913
"1716",2.17150287844467,1.20773482644037
"1717",-1.24744004617599,0.334153384309896
"1718",0.400362184054413,0.47076007757435
"1719",-0.391201406487842,0.349818839684899
"1720",0.465003968382438,0.485231562929553
"1721",0.309458310796789,0.451619189366063
"1722",0.204799178200828,0.431303483803659
"1723",-1.50205878097415,0.353187269987129
"1724",-0.51818446846339,0.33992465260759
"1725",-0.0933851082643788,0.383311441135025
"1726",-0.592733669064346,0.335340049462758
"1727",-0.749033914076667,0.328669813733533
"1728",0.341902630567728,0.458289878637209
"1729",-1.50888174144701,0.353857195320938
"1730",-0.79684224311467,0.327425490573973
"1731",2.17150287844467,1.20773482644037
"1732",0.0174895141193744,0.399460909277719
"1733",0.196898829215133,0.429843914094721
"1734",-0.185804698912095,0.371376266231232
"1735",-0.239816550144655,0.365043159057334
"1736",0.466832838763955,0.485651543154462
"1737",-0.144510760253996,0.376537638211009
"1738",0.524220520935752,0.499127065229688
"1739",-0.2157501355681,0.367806530549672
"1740",-0.622201904832874,0.333777680530651
"1741",-0.6174946554541,0.334017756592517
"1742",-0.411358771356574,0.348072919496888
"1743",-0.111877911332661,0.380812278775578
"1744",-0.0997054191240738,0.382451067823
"1745",-1.86393732174572,0.401165952032296
"1746",-0.647432445835628,0.332552533709205
"1747",0.238282248853558,0.437604386305576
"1748",0.905825008016398,0.604121764804626
"1749",0.168870522499314,0.424748847086342
"1750",-1.31126815597474,0.337855589968643
"1751",-0.717647000247096,0.329689519647269
"1752",2.51114777529518,1.47124263575284
"1753",0.495067644658535,0.492209207447422
"1754",1.09376513884628,0.666506868367365
"1755",-1.48647652948646,0.351689501854124
"1756",0.00468869357441185,0.397494257351838
"1757",-1.18808509477881,0.33133521599281
"1758",0.104933086072893,0.413610315757195
"1759",-0.415818462707807,0.34769555968693
"1760",-0.742325034897121,0.328874240845296
"1761",-1.284003234916,0.336188357705238
"1762",-0.917935917344927,0.32594434442227
"1763",-0.833199480397904,0.326729012240653
"1764",-1.73164389694059,0.380589094690795
"1765",1.33238261819347,0.757220542990355
"1766",-0.904802529071725,0.325989029848891
"1767",-0.963070278356498,0.326006372473087
"1768",1.14365835108825,0.684366843901401
"1769",0.395374721809204,0.469673453210322
"1770",0.775547237233791,0.565157473100844
"1771",-0.197613813842577,0.369951138188069
"1772",-0.983063953052681,0.326140733072744
"1773",0.598540238143095,0.517446582615167
"1774",-1.03154588320337,0.326739753088708
"1775",-0.21575859733272,0.367805545038294
"1776",-0.698730840799093,0.330381686612983
"1777",-0.454495387390458,0.34455885818217
"1778",2.17150287844467,1.20773482644037
"1779",-1.36065272297444,0.341204286397207
"1780",-0.186654497912872,0.371272954268316
"1781",-0.781051196138586,0.327795235759194
"1782",0.684877341509155,0.539986825450456
"1783",0.109007147742989,0.414300028988753
"1784",0.0783283844273161,0.409173098748543
"1785",1.28828951794619,0.739422631915237
"1786",-0.0770627311011413,0.385563436456376
"1787",-0.564139905799316,0.33699139122926
"1788",2.17150287844467,1.20773482644037
"1789",1.33238261819347,0.757220542990355
"1790",-0.307469964423439,0.35777901596463
"1791",-1.10030900394798,0.328255600600096
"1792",0.325683792995266,0.454933007458904
"1793",2.17150287844467,1.20773482644037
"1794",-0.287391439500118,0.359857296580785
"1795",1.00149675085382,0.634934775118
"1796",-0.0570568844521878,0.388382693644507
"1797",-1.1600214765191,0.330210158988998
"1798",0.464996788867472,0.485229944455059
"1799",-1.16738111616473,0.330492381201578
"1800",-1.22129308219165,0.332838248780961
"1801",-0.738046555337372,0.329008485499214
"1802",1.23491396962268,0.718521894314903
"1803",-0.90811378526004,0.325975086367875
"1804",0.100016267329981,0.412781536943722
"1805",0.208842447999761,0.432054495999266
"1806",-1.42402055423549,0.34613009155049
"1807",0.161295626771222,0.423394100070633
"1808",-0.793273316090062,0.327505498865999
"1809",2.51114777529518,1.47124263575284
"1810",0.722272730650506,0.550179086724806
"1811",-2.06815165145242,0.440425002643646
"1812",-1.48639724259687,0.351682010809856
"1813",2.17150287844467,1.20773482644037
"1814",1.27002633078032,0.732192710089719
"1815",0.0988189807913692,0.412580316995974
"1816",-0.837212794604322,0.326665360305304
